,,exchange,pair,price,rank,updated,volume_24h,volume_percent
Bitcoin Markets,0,Binance,BTC/USDT,8033.89,1,Recently,287718000,5.24
Bitcoin Markets,1,OKEx,BTC/USDT,8028.89,2,Recently,250615000,4.5600000000000005
Bitcoin Markets,2,Bitfinex,BTC/USD,8026.0,3,Recently,246432000,4.49
Bitcoin Markets,3,Huobi,BTC/USDT,8048.49,4,Recently,191217000,3.48
Bitcoin Markets,4,bitFlyer,BTC/JPY,8013.75,5,Recently,156534000,2.85
Bitcoin Markets,5,Upbit,BTC/KRW,7989.54,6,Recently,127456000,2.32
Bitcoin Markets,6,Binance,ADA/BTC,7999.51,7,Recently,120319000,2.19
Bitcoin Markets,7,Binance,XVG/BTC,7997.33,8,Recently,116010000,2.11
Bitcoin Markets,8,GDAX,BTC/USD,8016.91,9,Recently,103412000,1.88
Bitcoin Markets,9,Upbit,XVG/BTC,8030.49,10,Recently,82316500,1.5
Bitcoin Markets,10,Bitstamp,BTC/USD,8022.26,11,Recently,80972600,1.47
Bitcoin Markets,11,Bithumb,BTC/KRW,7994.21,12,Recently,76020500,1.38
Bitcoin Markets,12,BTCC,BTC/USD,8020.0,13,Recently,64320400,1.17
Bitcoin Markets,13,Bittrex,XVG/BTC,7990.73,14,Recently,62803800,1.1400000000000001
Bitcoin Markets,14,OKEx,TRX/BTC,8055.66,15,Recently,55984000,1.02
Bitcoin Markets,15,Binance,ETH/BTC,8043.65,16,Recently,55381500,1.01
Bitcoin Markets,16,HitBTC,BTC/USDT,8244.4,17,Recently,54699400,1.0
Bitcoin Markets,17,Kraken,BTC/EUR,8012.61,18,Recently,54665900,1.0
Bitcoin Markets,18,OKEx,ETH/BTC,8023.1,19,Recently,52379500,0.9500000000000001
Bitcoin Markets,19,OOOBTC,ETH/BTC,8066.98,20,Recently,48262900,0.88
Bitcoin Markets,20,Kraken,BTC/USD,8018.1,21,Recently,44909300,0.8200000000000001
Bitcoin Markets,21,Lbank,VET/BTC,7973.23,22,Recently,44597700,0.81
Bitcoin Markets,22,Lbank,QTUM/BTC,8046.39,23,Recently,43305300,0.79
Bitcoin Markets,23,Simex,BTC/USD,7895.26,24,Recently,42010900,0.76
Bitcoin Markets,24,Binance,EOS/BTC,8064.56,25,Recently,40071100,0.73
Bitcoin Markets,25,ZB.COM,QTUM/BTC,8054.1,26,Recently,38930200,0.71
Bitcoin Markets,26,Binance,TRX/BTC,8055.66,27,Recently,38902600,0.71
Bitcoin Markets,27,HitBTC,BCH/BTC,8060.56,28,Recently,37706400,0.6900000000000001
Bitcoin Markets,28,Gemini,BTC/USD,8024.25,29,Recently,36861700,0.67
Bitcoin Markets,29,Binance,XRP/BTC,8044.67,30,Recently,35662700,0.65
Bitcoin Markets,30,EXX,ETH/BTC,8042.38,31,Recently,33256400,0.61
Bitcoin Markets,31,BTCBOX,BTC/JPY,8014.52,32,Recently,32825000,0.6000000000000001
Bitcoin Markets,32,Bittrex,ADA/BTC,8032.49,33,Recently,32315600,0.59
Bitcoin Markets,33,OKEx,EOS/BTC,8079.71,34,Recently,30415500,0.55
Bitcoin Markets,34,Binance,ICX/BTC,7795.03,35,Recently,30381200,0.55
Bitcoin Markets,35,Bit-Z,ETH/BTC,8052.88,36,Recently,29227700,0.53
Bitcoin Markets,36,OKEx,LTC/BTC,8035.27,37,Recently,29044500,0.53
Bitcoin Markets,37,Huobi,TRX/BTC,8038.17,38,Recently,28919600,0.53
Bitcoin Markets,38,CoinBene,BTC/USDT,8017.83,39,Recently,28590500,0.52
Bitcoin Markets,39,Upbit,ADA/BTC,8040.14,40,Recently,28442900,0.52
Bitcoin Markets,40,Lbank,BCH/BTC,8086.33,41,Recently,26721400,0.49
Bitcoin Markets,41,Binance,OMG/BTC,8035.22,42,Recently,26439000,0.48
Bitcoin Markets,42,EXX,BCC/BTC,8076.34,43,Recently,25746100,0.47000000000000003
Bitcoin Markets,43,Binance,BNB/BTC,8034.51,44,Recently,25014900,0.46
Bitcoin Markets,44,Binance,NEO/BTC,8033.9,45,Recently,24961300,0.45
Bitcoin Markets,45,Bittrex,BTC/USDT,8043.88,46,Recently,24513100,0.45
Bitcoin Markets,46,OKEx,ETC/BTC,8041.34,47,Recently,22966800,0.42
Bitcoin Markets,47,Bit-Z,TRX/BTC,7977.45,48,Recently,22739600,0.41000000000000003
Bitcoin Markets,48,OKEx,BCH/BTC,8043.47,49,Recently,22721700,0.41000000000000003
Bitcoin Markets,49,Binance,XLM/BTC,8021.51,50,Recently,20131400,0.37
Bitcoin Markets,50,Binance,IOTA/BTC,8060.89,51,Recently,19942600,0.36
Bitcoin Markets,51,Huobi,HT/BTC,8054.37,52,Recently,18766700,0.34
Bitcoin Markets,52,Neraex,BTC/JPY,8383.2,53,84 hours ago,18742000,0.0
Bitcoin Markets,53,Binance,PPT/BTC,8115.71,54,Recently,18608300,0.34
Bitcoin Markets,54,itBit,BTC/USD,8025.4,55,Recently,18201000,0.33
Bitcoin Markets,55,Binance,WAN/BTC,8035.47,56,Recently,17968700,0.33
Bitcoin Markets,56,Huobi,ELF/BTC,7958.2,57,Recently,17632100,0.32
Bitcoin Markets,57,BCEX,BTC/CKUSD,8062.99,58,Recently,17382900,0.32
Bitcoin Markets,58,Bitbank,BTC/JPY,8028.62,59,Recently,16982000,0.31
Bitcoin Markets,59,GDAX,BTC/EUR,8052.01,60,Recently,16726700,0.30000000000000004
Bitcoin Markets,60,Bit-Z,EOS/BTC,8066.78,61,Recently,16698100,0.30000000000000004
Bitcoin Markets,61,Poloniex,BTC/USDT,8028.88,62,Recently,16522400,0.30000000000000004
Bitcoin Markets,62,Binance,ONT/BTC,8091.29,63,Recently,16400100,0.30000000000000004
Bitcoin Markets,63,Binance,LTC/BTC,8049.27,64,Recently,15878800,0.29
Bitcoin Markets,64,Bit-Z,BCH/BTC,8044.17,65,Recently,15291000,0.28
Bitcoin Markets,65,Bit-Z,EKT/BTC,8070.53,66,Recently,15006400,0.27
Bitcoin Markets,66,Huobi,CTXC/BTC,8053.15,67,Recently,14773300,0.27
Bitcoin Markets,67,CoinEgg,ETH/BTC,7876.1,68,496 hours ago,14729400,0.0
Bitcoin Markets,68,Bit-Z,LTC/BTC,8070.71,69,Recently,14658100,0.27
Bitcoin Markets,69,Bitstamp,BTC/EUR,8017.42,70,Recently,14208500,0.26
Bitcoin Markets,70,Bitfinex,BTC/EUR,8032.95,71,Recently,14137600,0.26
Bitcoin Markets,71,BCEX,ETH/BTC,7959.6,72,Recently,14124200,0.26
Bitcoin Markets,72,Binance,BCC/BTC,8049.34,73,Recently,14092400,0.26
Bitcoin Markets,73,HitBTC,DASH/BTC,8055.9,74,Recently,13970300,0.25
Bitcoin Markets,74,CoinsBank,BTC/USD,8005.83,75,Recently,13403300,0.24
Bitcoin Markets,75,Coinhub,ETH/BTC,8037.55,76,Recently,12860000,0.23
Bitcoin Markets,76,Lbank,ETH/BTC,8015.92,77,Recently,12809600,0.23
Bitcoin Markets,77,Upbit,OMG/BTC,8044.62,78,Recently,12654800,0.23
Bitcoin Markets,78,Bittrex,OMG/BTC,8044.58,79,Recently,12468900,0.23
Bitcoin Markets,79,OKEx,TRUE/BTC,8081.72,80,Recently,11868200,0.22
Bitcoin Markets,80,Huobi,WICC/BTC,8131.48,81,Recently,11849300,0.22
Bitcoin Markets,81,CoinsBank,BTC/EUR,7919.24,82,Recently,11805900,0.21
Bitcoin Markets,82,Binance,IOST/BTC,8062.05,83,Recently,11761100,0.21
Bitcoin Markets,83,Huobi,OCN/BTC,8051.24,84,Recently,11662200,0.21
Bitcoin Markets,84,Upbit,SC/BTC,8043.92,85,Recently,11603400,0.21
Bitcoin Markets,85,CoinEgg,NEO/BTC,8366.01,86,496 hours ago,11421200,0.0
Bitcoin Markets,86,Binance,CTR/BTC,1797.11,87,213 hours ago,11295900,0.0
Bitcoin Markets,87,Binance,AION/BTC,8018.04,88,Recently,11208200,0.2
Bitcoin Markets,88,CoinEgg,TRX/BTC,8668.37,89,496 hours ago,11147400,0.0
Bitcoin Markets,89,Lbank,BTC/USDT,8041.98,90,Recently,11045100,0.2
Bitcoin Markets,90,Binance,NEBL/BTC,8029.4,91,Recently,11005800,0.2
Bitcoin Markets,91,Binance,STORM/BTC,8006.36,92,Recently,10991600,0.2
Bitcoin Markets,92,Binance,ZIL/BTC,8055.73,93,Recently,10906600,0.2
Bitcoin Markets,93,Huobi,EOS/BTC,8011.2,94,Recently,10712200,0.19
Bitcoin Markets,94,Livecoin,BTC/USD,8187.78,95,Recently,10499900,0.19
Bitcoin Markets,95,Binance,MTL/BTC,8029.44,96,Recently,10365700,0.19
Bitcoin Markets,96,Huobi,ETH/BTC,8040.41,97,Recently,10235900,0.19
Bitcoin Markets,97,Bitfinex,BTC/GBP,8033.78,98,Recently,10202200,0.19
Bitcoin Markets,98,Huobi,ABT/BTC,8007.64,99,Recently,10102100,0.18
Bitcoin Markets,99,Upbit,BTC/USDT,8044.69,100,Recently,10026200,0.18
Bitcoin Markets,100,Binance,BTG/BTC,8076.09,101,Recently,10017400,0.18
Bitcoin Markets,101,ZB.COM,EOS/BTC,8097.3,102,Recently,9876290,0.18
Bitcoin Markets,102,OKEx,IPC/BTC,8048.56,103,Recently,9762300,0.18
Bitcoin Markets,103,Huobi,BTM/BTC,8028.27,104,Recently,9734970,0.18
Bitcoin Markets,104,Binance,DGD/BTC,8019.98,105,Recently,9690230,0.18
Bitcoin Markets,105,Binance,GVT/BTC,8085.12,106,Recently,9678270,0.18
Bitcoin Markets,106,Coinone,BTC/KRW,7999.81,107,Recently,9626290,0.18
Bitcoin Markets,107,Binance,WPR/BTC,8042.62,108,Recently,9476050,0.17
Bitcoin Markets,108,HitBTC,XRP/BTC,8026.05,109,Recently,9414500,0.17
Bitcoin Markets,109,Binance,ELF/BTC,7907.44,110,Recently,9305620,0.17
Bitcoin Markets,110,Tidex,WAVES/BTC,8036.83,111,Recently,9265570,0.17
Bitcoin Markets,111,OOOBTC,DCR/BTC,8026.73,112,Recently,9247970,0.17
Bitcoin Markets,112,Exmo,BTC/USD,8100.4,113,Recently,9197990,0.17
Bitcoin Markets,113,Korbit,BTC/KRW,8006.82,114,Recently,9139670,0.17
Bitcoin Markets,114,Huobi,CMT/BTC,8042.47,115,Recently,9122660,0.17
Bitcoin Markets,115,Huobi,ELA/BTC,8034.73,116,Recently,9009830,0.16
Bitcoin Markets,116,Binance,QTUM/BTC,8038.29,117,Recently,8929810,0.16
Bitcoin Markets,117,Bittrex,SC/BTC,8081.69,118,Recently,8808740,0.16
Bitcoin Markets,118,Binance,NCASH/BTC,8057.17,119,Recently,8800430,0.16
Bitcoin Markets,119,OKEx,MITH/BTC,7733.72,120,Recently,8599440,0.16
Bitcoin Markets,120,Binance,SUB/BTC,7942.78,121,Recently,8568490,0.16
Bitcoin Markets,121,EXX,LTC/BTC,8106.55,122,Recently,8504240,0.15
Bitcoin Markets,122,Bitfinex,EOS/BTC,8063.82,123,Recently,8373050,0.15
Bitcoin Markets,123,Binance,XEM/BTC,8048.66,124,Recently,8302390,0.15
Bitcoin Markets,124,OKEx,XRP/BTC,8052.53,125,Recently,8280120,0.15
Bitcoin Markets,125,Binance,NANO/BTC,7999.5,126,Recently,8174450,0.15
Bitcoin Markets,126,CoinsBank,BTC/GBP,8026.32,127,Recently,8160940,0.15
Bitcoin Markets,127,YoBit,ETH/BTC,8025.89,128,Recently,7930990,0.14
Bitcoin Markets,128,Bit-Z,GXS/BTC,8045.45,129,Recently,7640860,0.14
Bitcoin Markets,129,Iquant,IQT/BTC,8029.45,130,Recently,7449310,0.14
Bitcoin Markets,130,Livecoin,ETH/BTC,8025.89,131,Recently,7422870,0.14
Bitcoin Markets,131,Binance,LSK/BTC,8009.76,132,Recently,7358700,0.13
Bitcoin Markets,132,Trade By Trade,BTC/USDT,7981.86,133,Recently,7341010,0.13
Bitcoin Markets,133,B2BX,BTC/USDT,8028.88,134,Recently,7216760,0.13
Bitcoin Markets,134,Binance,LINK/BTC,8015.37,135,Recently,7000100,0.13
Bitcoin Markets,135,Binance,VEN/BTC,8011.32,136,Recently,6903180,0.13
Bitcoin Markets,136,Bit-Z,QTUM/BTC,8038.29,137,Recently,6886160,0.13
Bitcoin Markets,137,Binance,WAVES/BTC,8041.23,138,Recently,6842730,0.12
Bitcoin Markets,138,HitBTC,ETH/BTC,8035.01,139,Recently,6825080,0.12
Bitcoin Markets,139,CoinExchange,BSR/BTC,8028.94,140,Recently,6728720,0.12
Bitcoin Markets,140,Binance,ETC/BTC,8043.89,141,Recently,6723180,0.12
Bitcoin Markets,141,Exmo,BTC/RUB,7627.27,142,Recently,6699740,0.12
Bitcoin Markets,142,LakeBTC,BTC/USD,8715.16,143,Recently,6679980,0.12
Bitcoin Markets,143,WEX,BTC/USD,8030.0,144,Recently,6622050,0.12
Bitcoin Markets,144,Bitfinex,ETH/BTC,8035.14,145,Recently,6587170,0.12
Bitcoin Markets,145,Binance,XMR/BTC,8055.18,146,Recently,6332230,0.12
Bitcoin Markets,146,Binance,QLC/BTC,7986.08,147,Recently,6306220,0.11
Bitcoin Markets,147,Binance,EDO/BTC,8040.3,148,Recently,6256960,0.11
Bitcoin Markets,148,Bit-Z,ETC/BTC,8065.13,149,Recently,6214620,0.11
Bitcoin Markets,149,IDAX,EOS/BTC,8159.39,150,Recently,6210320,0.11
Bitcoin Markets,150,OKEx,BTM/BTC,8059.62,151,Recently,6209670,0.11
Bitcoin Markets,151,YoBit,DASH/BTC,8052.48,152,Recently,6137610,0.11
Bitcoin Markets,152,Lbank,ZEC/BTC,8015.7,153,Recently,6074270,0.11
Bitcoin Markets,153,CEX.IO,BTC/USD,8000.9,154,Recently,6070840,0.11
Bitcoin Markets,154,Huobi,ONT/BTC,8045.88,155,Recently,5974830,0.11
Bitcoin Markets,155,Huobi,PROPY/BTC,8029.56,156,Recently,5949060,0.11
Bitcoin Markets,156,Upbit,GUP/BTC,8059.36,157,Recently,5948450,0.11
Bitcoin Markets,157,Binance,SNT/BTC,8024.75,158,Recently,5908710,0.11
Bitcoin Markets,158,BitBay,BTC/PLN,8043.65,159,Recently,5795740,0.11
Bitcoin Markets,159,HitBTC,XMR/BTC,8057.86,160,Recently,5788560,0.11
Bitcoin Markets,160,Bittrex,ETH/BTC,8038.03,161,Recently,5767270,0.1
Bitcoin Markets,161,Bittrex,XLM/BTC,8048.95,162,Recently,5705680,0.1
Bitcoin Markets,162,OKEx,SWFTC/BTC,8016.06,163,Recently,5654600,0.1
Bitcoin Markets,163,Ethfinex,OMG/BTC,8065.78,164,Recently,5537680,0.1
Bitcoin Markets,164,EXX,BTC/USDT,8033.14,165,Recently,5486920,0.1
Bitcoin Markets,165,Binance,BQX/BTC,8032.07,166,Recently,5478660,0.1
Bitcoin Markets,166,Binance,ENJ/BTC,8021.55,167,Recently,5467610,0.1
Bitcoin Markets,167,Binance,NULS/BTC,8015.33,168,Recently,5402770,0.1
Bitcoin Markets,168,Huobi,KNC/BTC,7989.07,169,Recently,5398270,0.1
Bitcoin Markets,169,Huobi,ACT/BTC,8015.62,170,Recently,5372390,0.1
Bitcoin Markets,170,Negocie Coins,BTC/BRL,8182.12,171,Recently,5310130,0.1
Bitcoin Markets,171,Upbit,LRC/BTC,8051.98,172,Recently,5280790,0.1
Bitcoin Markets,172,OKEx,HSR/BTC,7993.1,173,Recently,5260300,0.1
Bitcoin Markets,173,Bittrex,TRX/BTC,8055.66,174,Recently,5233920,0.1
Bitcoin Markets,174,Upbit,TRX/BTC,8039.9,175,Recently,5222760,0.1
Bitcoin Markets,175,YoBit,ZEC/BTC,8099.48,176,Recently,5174070,0.09
Bitcoin Markets,176,Paribu,BTC/TRY,7965.14,177,Recently,5156320,0.09
Bitcoin Markets,177,Huobi,OMG/BTC,8045.95,178,Recently,5134850,0.09
Bitcoin Markets,178,Poloniex,ETH/BTC,8053.04,179,Recently,5111040,0.09
Bitcoin Markets,179,Bittrex,XEM/BTC,8054.38,180,Recently,4922640,0.09
Bitcoin Markets,180,WEX,BCH/BTC,8044.93,181,Recently,4913500,0.09
Bitcoin Markets,181,Binance,QSP/BTC,8005.35,182,Recently,4880230,0.09
Bitcoin Markets,182,Bitfinex,MIOTA/BTC,8045.42,183,Recently,4835010,0.09
Bitcoin Markets,183,Exrates,BTC/USD,8237.55,184,Recently,4731250,0.09
Bitcoin Markets,184,ZB.COM,ETH/BTC,8021.58,185,Recently,4727610,0.09
Bitcoin Markets,185,Qryptos,DRG/BTC,7993.98,186,Recently,4706610,0.09
Bitcoin Markets,186,Huobi,ZIL/BTC,8025.04,187,Recently,4698560,0.09
Bitcoin Markets,187,Poloniex,XRP/BTC,8039.76,188,Recently,4693350,0.09
Bitcoin Markets,188,Gate.io,BTC/USDT,8071.99,189,Recently,4573720,0.08
Bitcoin Markets,189,Huobi,ITC/BTC,8031.83,190,Recently,4559290,0.08
Bitcoin Markets,190,HitBTC,ZEC/BTC,8103.82,191,Recently,4553260,0.08
Bitcoin Markets,191,Poloniex,STR/BTC,8007.86,192,Recently,4549770,0.08
Bitcoin Markets,192,Binance,BCPT/BTC,8042.54,193,Recently,4537450,0.08
Bitcoin Markets,193,Huobi,IOST/BTC,8047.4,194,Recently,4531710,0.08
Bitcoin Markets,194,IDAX,OMG/BTC,8043.81,195,Recently,4524290,0.08
Bitcoin Markets,195,HitBTC,BCN/BTC,8030.88,196,Recently,4497380,0.08
Bitcoin Markets,196,Huobi,XRP/BTC,8028.5,197,Recently,4452970,0.08
Bitcoin Markets,197,OKEx,IOTA/BTC,8075.2,198,Recently,4421770,0.08
Bitcoin Markets,198,Binance,POWR/BTC,8006.25,199,Recently,4410320,0.08
Bitcoin Markets,199,Indodax,BTC/IDR,7881.17,200,Recently,4409120,0.08
Bitcoin Markets,200,Bit-Z,LSK/BTC,8034.67,201,Recently,4359720,0.08
Bitcoin Markets,201,Binance,AST/BTC,8028.87,202,Recently,4269790,0.08
Bitcoin Markets,202,Binance,STRAT/BTC,8010.92,203,Recently,4265040,0.08
Bitcoin Markets,203,Binance,MCO/BTC,8009.47,204,Recently,4259620,0.08
Bitcoin Markets,204,Binance,RLC/BTC,8055.93,205,Recently,4238250,0.08
Bitcoin Markets,205,Bibox,BTC/USDT,8043.88,206,Recently,4223040,0.08
Bitcoin Markets,206,Coinroom,BTC/EUR,8159.77,207,Recently,4167090,0.08
Bitcoin Markets,207,Bittrex,LRC/BTC,7983.61,208,Recently,4129580,0.08
Bitcoin Markets,208,Binance,LRC/BTC,7929.74,209,Recently,4054600,0.07
Bitcoin Markets,209,Binance,GTO/BTC,8017.58,210,Recently,4053110,0.07
Bitcoin Markets,210,Bittrex,DOGE/BTC,8153.77,211,Recently,4028410,0.07
Bitcoin Markets,211,Binance,VIB/BTC,8002.01,212,Recently,3921440,0.07
Bitcoin Markets,212,Bittrex,XRP/BTC,8016.29,213,Recently,3907940,0.07
Bitcoin Markets,213,Binance,TRIG/BTC,8022.4,214,Recently,3813620,0.07
Bitcoin Markets,214,Upbit,XLM/BTC,8053.54,215,Recently,3791360,0.07
Bitcoin Markets,215,Bittrex,GUP/BTC,8067.58,216,Recently,3780270,0.07
Bitcoin Markets,216,Tidex,ETH/BTC,8020.19,217,Recently,3742410,0.07
Bitcoin Markets,217,Luno,BTC/ZAR,8221.14,218,Recently,3739460,0.07
Bitcoin Markets,218,YoBit,LSK/BTC,7989.64,219,Recently,3725570,0.07
Bitcoin Markets,219,Binance,ENG/BTC,8021.15,220,Recently,3706130,0.07
Bitcoin Markets,220,Bittrex,LTC/BTC,8020.97,221,Recently,3689520,0.07
Bitcoin Markets,221,Huobi,QTUM/BTC,8022.55,222,Recently,3601900,0.07
Bitcoin Markets,222,IDAX,LRC/BTC,8055.92,223,Recently,3471950,0.06
Bitcoin Markets,223,Huobi,NEO/BTC,8031.47,224,Recently,3461490,0.06
Bitcoin Markets,224,Fatbtc,BTC/CNY,8091.94,225,Recently,3448080,0.06
Bitcoin Markets,225,OKEx,AUTO/BTC,8143.35,226,Recently,3430520,0.06
Bitcoin Markets,226,Bitfinex,BCH/BTC,8047.99,227,Recently,3423110,0.06
Bitcoin Markets,227,Binance,POE/BTC,8004.51,228,Recently,3415090,0.06
Bitcoin Markets,228,Huobi,VEN/BTC,8005.23,229,Recently,3397980,0.06
Bitcoin Markets,229,Bittrex,SRN/BTC,8019.97,230,Recently,3397150,0.06
Bitcoin Markets,230,GOPAX,BTC/KRW,8013.82,231,Recently,3339740,0.06
Bitcoin Markets,231,OKEx,NEO/BTC,8023.86,232,Recently,3312860,0.06
Bitcoin Markets,232,OKEx,SNC/BTC,8001.17,233,Recently,3290140,0.06
Bitcoin Markets,233,IDAX,ETH/BTC,8040.22,234,Recently,3255430,0.06
Bitcoin Markets,234,Binance,POA/BTC,8054.57,235,Recently,3244170,0.06
Bitcoin Markets,235,Upbit,XEM/BTC,8018.32,236,Recently,3239850,0.06
Bitcoin Markets,236,Huobi,DGD/BTC,8064.77,237,Recently,3216990,0.06
Bitcoin Markets,237,OKEx,QTUM/BTC,8062.9,238,Recently,3213580,0.06
Bitcoin Markets,238,GDAX,BTC/GBP,8073.38,239,Recently,3212530,0.06
Bitcoin Markets,239,CoinEgg,LSK/BTC,7966.55,240,496 hours ago,3202180,0.0
Bitcoin Markets,240,Huobi,BCH/BTC,8055.42,241,Recently,3191000,0.06
Bitcoin Markets,241,Huobi,DTA/BTC,8030.2,242,Recently,3181200,0.06
Bitcoin Markets,242,Bit-Z,NULS/BTC,8015.05,243,Recently,3180770,0.06
Bitcoin Markets,243,Huobi,RDN/BTC,8012.8,244,Recently,3159690,0.06
Bitcoin Markets,244,Huobi,BTS/BTC,8035.23,245,Recently,3150950,0.06
Bitcoin Markets,245,xBTCe,BTC/USD,8037.2,246,Recently,3113850,0.06
Bitcoin Markets,246,Omicrex,BTC/USD,8037.2,247,Recently,3113850,0.06
Bitcoin Markets,247,Huobi,DASH/BTC,8047.05,248,Recently,3107120,0.06
Bitcoin Markets,248,Bittrex,BTG/BTC,8054.64,249,Recently,3100720,0.06
Bitcoin Markets,249,Exmo,BTC/EUR,8147.86,250,Recently,3090820,0.06
Bitcoin Markets,250,CoinEgg,QTUM/BTC,8364.61,251,496 hours ago,3071670,0.0
Bitcoin Markets,251,Bibox,ETH/BTC,8051.22,252,Recently,3061390,0.06
Bitcoin Markets,252,YoBit,WAVES/BTC,7972.48,253,Recently,3058220,0.06
Bitcoin Markets,253,Upbit,NBT/BTC,8005.72,254,Recently,3047410,0.06
Bitcoin Markets,254,Octaex,BTC/CNY,8003.39,255,3 hours ago,3045550,0.0
Bitcoin Markets,255,Binance,SALT/BTC,8070.6,256,Recently,3034370,0.06
Bitcoin Markets,256,Bittrex,WAVES/BTC,8007.57,257,Recently,2985340,0.05
Bitcoin Markets,257,Sistemkoin,BTC/TRY,7929.78,258,Recently,2977270,0.05
Bitcoin Markets,258,EXX,BTM/BTC,8459.18,259,Recently,2967480,0.05
Bitcoin Markets,259,Bibox,BTM/BTC,8200.69,260,Recently,2949750,0.05
Bitcoin Markets,260,Lbank,NEO/BTC,8012.85,261,Recently,2917190,0.05
Bitcoin Markets,261,GDAX,ETH/BTC,8047.46,262,Recently,2916460,0.05
Bitcoin Markets,262,Huobi,STORJ/BTC,8023.85,263,Recently,2898430,0.05
Bitcoin Markets,263,Bitfinex,LTC/BTC,8045.32,264,Recently,2885640,0.05
Bitcoin Markets,264,Foxbit,BTC/BRL,8115.79,265,Recently,2864940,0.05
Bitcoin Markets,265,Exmo,ETH/BTC,8057.4,266,Recently,2853940,0.05
Bitcoin Markets,266,Bitfinex,XRP/BTC,8045.65,267,Recently,2823750,0.05
Bitcoin Markets,267,Huobi,MDS/BTC,8031.36,268,Recently,2821980,0.05
Bitcoin Markets,268,Bitinka,BTC/USD,8110.59,269,Recently,2800710,0.05
Bitcoin Markets,269,WEX,LTC/BTC,8066.62,270,Recently,2765620,0.05
Bitcoin Markets,270,Binance,TNB/BTC,8022.73,271,Recently,2765020,0.05
Bitcoin Markets,271,WEX,ETH/BTC,8039.84,272,Recently,2734410,0.05
Bitcoin Markets,272,Bibox,BTC/DAI,8075.5,273,Recently,2729520,0.05
Bitcoin Markets,273,Liqui,ENJ/BTC,8038.48,274,Recently,2727080,0.05
Bitcoin Markets,274,Bittrex,LSK/BTC,8046.72,275,Recently,2718410,0.05
Bitcoin Markets,275,Binance,BTS/BTC,8051.61,276,Recently,2715410,0.05
Bitcoin Markets,276,OOOBTC,AE/BTC,8101.5,277,Recently,2699090,0.05
Bitcoin Markets,277,Binance,SNGLS/BTC,8047.94,278,Recently,2691560,0.05
Bitcoin Markets,278,CoinEgg,XRP/BTC,7892.16,279,496 hours ago,2687430,0.0
Bitcoin Markets,279,Binance,RCN/BTC,8008.66,280,Recently,2684710,0.05
Bitcoin Markets,280,Kraken,ETH/BTC,8058.94,281,Recently,2672680,0.05
Bitcoin Markets,281,OKEx,REN/BTC,8019.54,282,Recently,2670670,0.05
Bitcoin Markets,282,OKEx,THETA/BTC,8029.15,283,Recently,2649290,0.05
Bitcoin Markets,283,HitBTC,NOAH/BTC,8054.11,284,Recently,2647910,0.05
Bitcoin Markets,284,Upbit,XDN/BTC,8171.36,285,Recently,2638180,0.05
Bitcoin Markets,285,Bit-Z,MCO/BTC,8009.47,286,Recently,2626500,0.05
Bitcoin Markets,286,Huobi,NAS/BTC,8102.67,287,Recently,2625080,0.05
Bitcoin Markets,287,Kucoin,PURA/BTC,8032.81,288,Recently,2592370,0.05
Bitcoin Markets,288,IDAX,STORJ/BTC,8031.26,289,Recently,2591260,0.05
Bitcoin Markets,289,Bibox,HPB/BTC,8053.23,290,Recently,2587220,0.05
Bitcoin Markets,290,Huobi,SNT/BTC,8035.75,291,Recently,2580010,0.05
Bitcoin Markets,291,CoinExchange,NANJ/BTC,8043.98,292,Recently,2559360,0.05
Bitcoin Markets,292,Poloniex,LTC/BTC,8036.93,293,Recently,2523970,0.05
Bitcoin Markets,293,CoinEgg,BCH/BTC,7865.15,294,496 hours ago,2512340,0.0
Bitcoin Markets,294,C2CX,BTC/USDT,8022.87,295,Recently,2497370,0.05
Bitcoin Markets,295,Bit-Z,ZEC/BTC,8121.04,296,Recently,2483230,0.05
Bitcoin Markets,296,Huobi,RUFF/BTC,8065.9,297,Recently,2477910,0.05
Bitcoin Markets,297,Binance,WINGS/BTC,7972.49,298,Recently,2459940,0.04
Bitcoin Markets,298,CoinEgg,RUFF/BTC,8300.14,299,496 hours ago,2448690,0.0
Bitcoin Markets,299,Zebpay,BTC/INR,7767.17,300,Recently,2434430,0.04
Bitcoin Markets,300,Kraken,XLM/BTC,8037.5,301,Recently,2414800,0.04
Bitcoin Markets,301,IDAX,AE/BTC,8013.91,302,Recently,2396690,0.04
Bitcoin Markets,302,WEX,BTC/RUR,7616.44,303,Recently,2376940,0.04
Bitcoin Markets,303,Coinhub,LTC/BTC,8031.01,304,Recently,2357390,0.04
Bitcoin Markets,304,BtcTrade.im,ETH/BTC,8077.66,305,Recently,2353710,0.04
Bitcoin Markets,305,Bittrex,RDD/BTC,7965.86,306,Recently,2350230,0.04
Bitcoin Markets,306,Huobi,GNT/BTC,8051.15,307,Recently,2345380,0.04
Bitcoin Markets,307,Huobi,THETA/BTC,8037.42,308,Recently,2343430,0.04
Bitcoin Markets,308,Lbank,DASH/BTC,7989.17,309,Recently,2323480,0.04
Bitcoin Markets,309,Huobi,MTL/BTC,7999.62,310,Recently,2301340,0.04
Bitcoin Markets,310,Poloniex,DOGE/BTC,8010.72,311,Recently,2258440,0.04
Bitcoin Markets,311,Huobi,HSR/BTC,8016.77,312,Recently,2254590,0.04
Bitcoin Markets,312,Binance,ARN/BTC,7976.83,313,Recently,2250960,0.04
Bitcoin Markets,313,Upbit,RDD/BTC,7965.86,314,Recently,2243250,0.04
Bitcoin Markets,314,Huobi,ZEC/BTC,8118.41,315,Recently,2240680,0.04
Bitcoin Markets,315,Huobi,ICX/BTC,7790.11,316,Recently,2239380,0.04
Bitcoin Markets,316,Liqui,SRN/BTC,8050.02,317,Recently,2226180,0.04
Bitcoin Markets,317,Coinroom,BTC/USD,8221.2,318,Recently,2201470,0.04
Bitcoin Markets,318,BTC Markets,BTC/AUD,8015.8,319,Recently,2194170,0.04
Bitcoin Markets,319,Binance,KNC/BTC,7994.64,320,Recently,2192200,0.04
Bitcoin Markets,320,Huobi,WPR/BTC,8071.45,321,Recently,2182730,0.04
Bitcoin Markets,321,WEX,BTC/EUR,8107.3,322,Recently,2177580,0.04
Bitcoin Markets,322,Liqui,TRX/BTC,8039.9,323,Recently,2176170,0.04
Bitcoin Markets,323,Upbit,GNO/BTC,8066.26,324,Recently,2162090,0.04
Bitcoin Markets,324,Qryptos,UKG/BTC,8023.63,325,Recently,2148260,0.04
Bitcoin Markets,325,Binance,WTC/BTC,8029.76,326,Recently,2116200,0.04
Bitcoin Markets,326,TOPBTC,ETH/BTC,7756.73,327,Recently,2101820,0.04
Bitcoin Markets,327,Upbit,BTG/BTC,8054.65,328,Recently,2100750,0.04
Bitcoin Markets,328,Bibox,BOT/BTC,7938.16,329,Recently,2098510,0.04
Bitcoin Markets,329,Bittrex,XDN/BTC,8171.36,330,Recently,2096600,0.04
Bitcoin Markets,330,Upbit,UP/BTC,8032.65,331,Recently,2096390,0.04
Bitcoin Markets,331,Coinfloor,BTC/GBP,8099.69,332,Recently,2095250,0.04
Bitcoin Markets,332,Bittrex,GNO/BTC,8064.66,333,Recently,2087170,0.04
Bitcoin Markets,333,WEX,DSH/BTC,8033.59,334,Recently,2084770,0.04
Bitcoin Markets,334,Bittrex,BCC/BTC,8053.42,335,Recently,2083940,0.04
Bitcoin Markets,335,Huobi,CVC/BTC,8016.68,336,Recently,2076810,0.04
Bitcoin Markets,336,ChaoEX,SKY/BTC,8185.8,337,Recently,2074420,0.04
Bitcoin Markets,337,Binance,ZRX/BTC,8044.0,338,Recently,2064240,0.04
Bitcoin Markets,338,Huobi,QSP/BTC,8023.5,339,Recently,2057780,0.04
Bitcoin Markets,339,Bittrex,GNT/BTC,8027.14,340,Recently,2051800,0.04
Bitcoin Markets,340,Upbit,LTC/BTC,8039.88,341,Recently,2049840,0.04
Bitcoin Markets,341,Bittrex,DGB/BTC,8049.11,342,Recently,2022320,0.04
Bitcoin Markets,342,CoinEgg,BTM/BTC,9351.25,343,496 hours ago,2021650,0.0
Bitcoin Markets,343,CoinEgg,LTC/BTC,7631.86,344,496 hours ago,2013930,0.0
Bitcoin Markets,344,Kucoin,ETH/BTC,8031.33,345,Recently,2003460,0.04
Bitcoin Markets,345,Huobi,RCN/BTC,8030.67,346,Recently,1996450,0.04
Bitcoin Markets,346,YoBit,BCC/BTC,7984.62,347,Recently,1994990,0.04
Bitcoin Markets,347,Huobi,AST/BTC,8028.1,348,Recently,1962780,0.04
Bitcoin Markets,348,Bitinka,BTC/EUR,8106.11,349,Recently,1959680,0.04
Bitcoin Markets,349,Huobi,SMT/BTC,8034.36,350,Recently,1943100,0.04
Bitcoin Markets,350,COSS,COSS/BTC,8449.16,351,Recently,1926370,0.04
Bitcoin Markets,351,Bibox,BIX/BTC,8068.57,352,Recently,1924820,0.04
Bitcoin Markets,352,Kraken,XRP/BTC,8038.78,353,Recently,1918830,0.03
Bitcoin Markets,353,Bit-Z,DOGE/BTC,8010.72,354,Recently,1916630,0.03
Bitcoin Markets,354,OKEx,IOST/BTC,8098.45,355,Recently,1915710,0.03
Bitcoin Markets,355,Huobi,XEM/BTC,8062.01,356,Recently,1915610,0.03
Bitcoin Markets,356,TOPBTC,ATB/BTC,8036.64,357,Recently,1914290,0.03
Bitcoin Markets,357,Livecoin,LTC/BTC,8066.91,358,Recently,1912740,0.03
Bitcoin Markets,358,Upbit,LSK/BTC,8056.38,359,Recently,1908460,0.03
Bitcoin Markets,359,Octaex,ETH/BTC,8083.26,360,3 hours ago,1897700,0.0
Bitcoin Markets,360,BX Thailand,BTC/THB,7848.2,361,Recently,1894920,0.03
Bitcoin Markets,361,Liqui,GUP/BTC,8061.0,362,Recently,1887520,0.03
Bitcoin Markets,362,Bittrex,NBT/BTC,8094.47,363,Recently,1882420,0.03
Bitcoin Markets,363,Huobi,LET/BTC,8038.89,364,Recently,1875040,0.03
Bitcoin Markets,364,Independent Reserve,XBT/AUD,8092.84,365,Recently,1871940,0.03
Bitcoin Markets,365,Huobi,LTC/BTC,8047.05,366,Recently,1861540,0.03
Bitcoin Markets,366,Huobi,WAX/BTC,8027.47,367,Recently,1855760,0.03
Bitcoin Markets,367,Binance,CHAT/BTC,7998.5,368,Recently,1850440,0.03
Bitcoin Markets,368,BTCTurk,BTC/TRY,7926.12,369,Recently,1845520,0.03
Bitcoin Markets,369,Huobi,PAY/BTC,8032.6,370,Recently,1827310,0.03
Bitcoin Markets,370,Huobi,GNX/BTC,8055.78,371,Recently,1823930,0.03
Bitcoin Markets,371,RightBTC,ETH/BTC,8042.79,372,Recently,1809640,0.03
Bitcoin Markets,372,Upbit,XRP/BTC,8045.65,373,Recently,1803460,0.03
Bitcoin Markets,373,RightBTC,BCC/BTC,8113.87,374,Recently,1789380,0.03
Bitcoin Markets,374,Binance,ZEC/BTC,8121.63,375,Recently,1778590,0.03
Bitcoin Markets,375,Upbit,BNT/BTC,7982.36,376,Recently,1773220,0.03
Bitcoin Markets,376,Binance,TNT/BTC,8057.63,377,Recently,1759570,0.03
Bitcoin Markets,377,Huobi,ZRX/BTC,8034.42,378,Recently,1754940,0.03
Bitcoin Markets,378,Livecoin,XMR/BTC,8027.25,379,Recently,1745030,0.03
Bitcoin Markets,379,Huobi,MANA/BTC,7896.0,380,Recently,1733030,0.03
Bitcoin Markets,380,Huobi,GAS/BTC,8027.98,381,Recently,1732700,0.03
Bitcoin Markets,381,Huobi,BLZ/BTC,8013.27,382,Recently,1703100,0.03
Bitcoin Markets,382,HitBTC,EOS/BTC,8074.95,383,Recently,1691050,0.03
Bitcoin Markets,383,Huobi,QUN/BTC,8079.66,384,Recently,1687260,0.03
Bitcoin Markets,384,Huobi,SOC/BTC,8040.19,385,Recently,1672690,0.03
Bitcoin Markets,385,Upbit,GNT/BTC,8027.14,386,Recently,1672330,0.03
Bitcoin Markets,386,OEX,XAS/BTC,8566.23,387,571 hours ago,1667790,0.0
Bitcoin Markets,387,TOPBTC,LTC/BTC,9624.48,388,Recently,1664950,0.03
Bitcoin Markets,388,Upbit,BCC/BTC,8062.12,389,Recently,1656800,0.03
Bitcoin Markets,389,Bittrex,QTUM/BTC,8062.59,390,Recently,1630860,0.03
Bitcoin Markets,390,Bit-Z,DASH/BTC,8056.8,391,Recently,1629060,0.03
Bitcoin Markets,391,Binance,RPX/BTC,8029.49,392,Recently,1628760,0.03
Bitcoin Markets,392,BitMEX,BTC/USD,8018.0,393,Recently,2771310000,0.0
Bitcoin Markets,393,Quoine,BTC/JPY,8011.66,394,Recently,121270000,0.0
Bitcoin Markets,394,Fisco,BTC/JPY,8028.53,395,Recently,116898000,0.0
Bitcoin Markets,395,Zaif,BTC/JPY,8038.52,396,Recently,116551000,0.0
Bitcoin Markets,396,Quoine,BTC/USD,8065.0,397,Recently,13950500,0.0
Bitcoin Markets,397,ZB.COM,BTC/USDT,8039.44,398,Recently,13744500,0.0
Bitcoin Markets,398,Negocie Coins,B2X/BTC,0.376685,399,Recently,12752400,0.0
Bitcoin Markets,399,Lbank,ABT/BTC,9090.71,400,Recently,3405230,0.0