Litecoin Markets,0,OKEx,LTC/USDT,131.02,1,Recently,41054300,13.01
Litecoin Markets,1,GDAX,LTC/USD,130.96,2,Recently,36165300,11.46
Litecoin Markets,2,OKEx,LTC/BTC,130.64,3,Recently,28830200,9.14
Litecoin Markets,3,Huobi,LTC/USDT,130.59,4,Recently,20380800,6.46
Litecoin Markets,4,Bitfinex,LTC/USD,131.16,5,Recently,16081100,5.1
Litecoin Markets,5,Binance,LTC/BTC,130.76,6,Recently,15881500,5.03
Litecoin Markets,6,Bit-Z,LTC/BTC,130.44,7,Recently,14705700,4.66
Litecoin Markets,7,Binance,LTC/USDT,131.16,8,Recently,11360000,3.6
Litecoin Markets,8,Upbit,LTC/KRW,130.16,9,Recently,8621980,2.73
Litecoin Markets,9,EXX,LTC/BTC,129.75,10,Recently,8472310,2.68
Litecoin Markets,10,CoinsBank,LTC/USD,131.07,11,Recently,6915130,2.19
Litecoin Markets,11,Bithumb,LTC/KRW,130.67,12,Recently,4310970,1.37
Litecoin Markets,12,Bitstamp,LTC/USD,130.85,13,Recently,4131030,1.31
Litecoin Markets,13,Bittrex,LTC/BTC,130.82,14,Recently,3682080,1.17
Litecoin Markets,14,WEX,LTC/USD,130.75,15,Recently,3162210,1.0
Litecoin Markets,15,Kraken,LTC/EUR,130.54,16,Recently,2917100,0.92
Litecoin Markets,16,Bitfinex,LTC/BTC,130.86,17,Recently,2887570,0.92
Litecoin Markets,17,WEX,LTC/BTC,130.47,18,Recently,2778260,0.88
Litecoin Markets,18,Poloniex,LTC/BTC,130.67,19,Recently,2522360,0.8
Litecoin Markets,19,HitBTC,LTC/USDT,134.69,20,Recently,2383160,0.76
Litecoin Markets,20,Coinhub,LTC/BTC,130.29,21,Recently,2345290,0.74
Litecoin Markets,21,Kraken,LTC/USD,130.86,22,Recently,2311990,0.73
Litecoin Markets,22,CoinsBank,LTC/EUR,130.82,23,Recently,2305270,0.73
Litecoin Markets,23,GDAX,LTC/EUR,130.68,24,Recently,2275330,0.72
Litecoin Markets,24,Sistemkoin,LTC/TRY,130.71,25,Recently,2153200,0.68
Litecoin Markets,25,WEX,BCH/LTC,130.58,26,Recently,2073970,0.66
Litecoin Markets,26,Upbit,LTC/BTC,130.07,27,Recently,2036190,0.65
Litecoin Markets,27,CoinEgg,LTC/BTC,144.27,28,496 hours ago,2013930,0.0
Litecoin Markets,28,CoinsBank,LTC/GBP,130.78,29,Recently,1940410,0.61
Litecoin Markets,29,Livecoin,LTC/BTC,130.38,30,Recently,1913030,0.61
Litecoin Markets,30,Bittrex,LTC/USDT,130.87,31,Recently,1912590,0.61
Litecoin Markets,31,Huobi,LTC/BTC,130.38,32,Recently,1863210,0.59
Litecoin Markets,32,B2BX,LTC/USDT,130.82,33,Recently,1817050,0.58
Litecoin Markets,33,TOPBTC,LTC/BTC,108.46,34,Recently,1668090,0.53
Litecoin Markets,34,CoinBene,LTC/USDT,130.93,35,Recently,1658740,0.53
Litecoin Markets,35,Poloniex,LTC/USDT,131.21,36,Recently,1638450,0.52
Litecoin Markets,36,ZB.COM,LTC/USDT,129.68,37,Recently,1615580,0.51
Litecoin Markets,37,YoBit,LTC/BTC,130.98,38,Recently,1599570,0.51
Litecoin Markets,38,BCEX,LTC/CKUSD,130.96,39,Recently,1569990,0.5
Litecoin Markets,39,Trade By Trade,LTC/USDT,122.21,40,Recently,1567940,0.5
Litecoin Markets,40,Trade By Trade,LTC/BTC,112.41,41,Recently,1533090,0.49
Litecoin Markets,41,BtcTrade.im,LTC/BTC,127.75,42,Recently,1503720,0.48
Litecoin Markets,42,GDAX,LTC/BTC,130.79,43,Recently,1496080,0.47000000000000003
Litecoin Markets,43,WEX,LTC/RUR,124.31,44,Recently,1413480,0.45
Litecoin Markets,44,WEX,LTC/EUR,131.76,45,Recently,1373600,0.44
Litecoin Markets,45,WEX,ETH/LTC,130.53,46,Recently,1339120,0.42
Litecoin Markets,46,Binance,LTC/ETH,130.8,47,Recently,1229400,0.39
Litecoin Markets,47,Bitstamp,LTC/EUR,130.91,48,Recently,1192580,0.38
Litecoin Markets,48,WEX,DSH/LTC,130.39,49,Recently,1163480,0.37
Litecoin Markets,49,RightBTC,LTC/BTC,131.72,50,Recently,1155500,0.37
Litecoin Markets,50,Coinone,LTC/KRW,130.62,51,Recently,990977,0.31
Litecoin Markets,51,xBTCe,LTC/EUR,127.87,52,Recently,907856,0.29
Litecoin Markets,52,Omicrex,LTC/EUR,127.87,53,Recently,907856,0.29
Litecoin Markets,53,EXX,LTC/USDT,129.63,54,Recently,877025,0.28
Litecoin Markets,54,ZB.COM,LTC/BTC,130.69,55,Recently,740537,0.23
Litecoin Markets,55,xBTCe,LTC/RUB,123.57,56,Recently,694684,0.22
Litecoin Markets,56,Omicrex,LTC/RUB,123.57,57,Recently,694684,0.22
Litecoin Markets,57,xBTCe,LTC/BTC,132.08,58,Recently,688542,0.22
Litecoin Markets,58,Omicrex,LTC/BTC,132.08,59,Recently,688542,0.22
Litecoin Markets,59,Kraken,LTC/BTC,130.62,60,Recently,680877,0.22
Litecoin Markets,60,HitBTC,LTC/BTC,130.95,61,Recently,654511,0.21
Litecoin Markets,61,Lbank,LTC/BTC,130.92,62,Recently,643302,0.2
Litecoin Markets,62,Exrates,LTC/USD,128.84,63,Recently,632426,0.2
Litecoin Markets,63,xBTCe,LTC/USD,130.28,64,Recently,630154,0.2
Litecoin Markets,64,Omicrex,LTC/USD,130.28,65,Recently,630154,0.2
Litecoin Markets,65,C2CX,LTC/USDT,131.36,66,Recently,592351,0.19
Litecoin Markets,66,WEX,ZEC/LTC,130.28,67,Recently,591136,0.19
Litecoin Markets,67,CoinBene,LTC/BTC,130.68,68,Recently,581454,0.18
Litecoin Markets,68,Bittrex,LTC/ETH,131.48,69,Recently,579664,0.18
Litecoin Markets,69,Gate.io,LTC/USDT,130.75,70,Recently,549774,0.17
Litecoin Markets,70,Binance,LTC/BNB,130.61,71,Recently,529358,0.17
Litecoin Markets,71,xBTCe,LTC/CNH,137.92,72,Recently,519621,0.16
Litecoin Markets,72,Omicrex,LTC/CNH,137.92,73,Recently,519621,0.16
Litecoin Markets,73,Exmo,LTC/BTC,130.63,74,Recently,490948,0.16
Litecoin Markets,74,Octaex,LTC/BTC,125.97,75,3 hours ago,442301,0.0
Litecoin Markets,75,Upbit,LTC/USDT,130.56,76,Recently,426475,0.14
Litecoin Markets,76,Livecoin,LTC/USD,133.9,77,Recently,411863,0.13
Litecoin Markets,77,B2BX,ETH/LTC,135.09,78,Recently,385341,0.12
Litecoin Markets,78,BTC-Alpha,LTC/USD,135.14,79,Recently,384787,0.12
Litecoin Markets,79,Exmo,LTC/USD,131.6,80,Recently,380911,0.12
Litecoin Markets,80,Koineks,LTC/TRY,128.65,81,Recently,340327,0.11
Litecoin Markets,81,Upbit,LTC/ETH,131.48,82,Recently,333478,0.11
Litecoin Markets,82,OTCBTC,LTC/ETH,130.21,83,Recently,318856,0.1
Litecoin Markets,83,OTCBTC,LTC/BTC,129.7,84,Recently,316602,0.1
Litecoin Markets,84,Mercatox,LTC/BTC,127.02,85,Recently,313986,0.1
Litecoin Markets,85,QBTC,LTC/USDT,128.66,86,Recently,312958,0.1
Litecoin Markets,86,BTC Markets,LTC/AUD,130.69,87,Recently,305158,0.1
Litecoin Markets,87,Bitstamp,LTC/BTC,130.95,88,Recently,298278,0.09
Litecoin Markets,88,BCEX,LTC/BTC,135.35,89,Recently,279654,0.09
Litecoin Markets,89,Cryptopia,LTC/BTC,130.27,90,Recently,278942,0.09
Litecoin Markets,90,MBAex,LTC/BTC,128.51,91,Recently,271165,0.09
Litecoin Markets,91,Vebitcoin,LTC/TRY,128.07,92,Recently,253215,0.08
Litecoin Markets,92,B2BX,LTC/BTC,126.62,93,Recently,250081,0.08
Litecoin Markets,93,Independent Reserve,LTC/AUD,131.03,94,Recently,239476,0.08
Litecoin Markets,94,MBAex,LTC/USDT,117.86,95,Recently,233714,0.07
Litecoin Markets,95,Koinim,LTC/TRY,127.33,96,Recently,231584,0.07
Litecoin Markets,96,Liqui,LTC/BTC,130.59,97,Recently,228275,0.07
Litecoin Markets,97,Zebpay,LTC/INR,122.5,98,Recently,199573,0.06
Litecoin Markets,98,Indodax,LTC/IDR,127.73,99,Recently,188706,0.06
Litecoin Markets,99,QuadrigaCX,LTC/CAD,131.27,100,Recently,183194,0.06
Litecoin Markets,100,BitBay,LTC/PLN,130.54,101,Recently,173846,0.06
Litecoin Markets,101,Kucoin,LTC/BTC,130.78,102,Recently,162392,0.05
Litecoin Markets,102,Liqui,LTC/ETH,130.37,103,Recently,157549,0.05
Litecoin Markets,103,Mercado Bitcoin,LTC/BRL,128.59,104,Recently,157278,0.05
Litecoin Markets,104,Bitso,LTC/MXN,129.46,105,Recently,150261,0.05
Litecoin Markets,105,OKEx,LTC/ETH,131.5,106,Recently,149283,0.05
Litecoin Markets,106,Liqui,LTC/USDT,130.39,107,Recently,144357,0.05
Litecoin Markets,107,Coinsquare,LTC/BTC,130.49,108,Recently,144033,0.05
Litecoin Markets,108,Ovis,LTC/TRY,129.01,109,Recently,133986,0.04
Litecoin Markets,109,Exrates,LTC/BTC,125.87,110,Recently,131871,0.04
Litecoin Markets,110,Exmo,ETH/LTC,131.04,111,Recently,129893,0.04
Litecoin Markets,111,BX Thailand,LTC/THB,125.28,112,Recently,119463,0.04
Litecoin Markets,112,BuyBitcoin,LTC/INR,102.2,113,Recently,110219,0.03
Litecoin Markets,113,Fatbtc,LTC/CNY,126.2,114,Recently,107738,0.03
Litecoin Markets,114,Unocoin,LTC/INR,124.41,115,Recently,98849,0.03
Litecoin Markets,115,Exmo,LTC/RUB,124.08,116,Recently,84434,0.03
Litecoin Markets,116,Koinex,LTC/INR,122.5,117,Recently,82934,0.03
Litecoin Markets,117,GOPAX,LTC/KRW,129.78,118,Recently,78861,0.02
Litecoin Markets,118,YoBit,LTC/USD,131.79,119,Recently,78566,0.02
Litecoin Markets,119,Indodax,LTC/BTC,129.88,120,Recently,74443,0.02
Litecoin Markets,120,CoinEx,LTC/BCH,130.97,121,Recently,72186,0.02
Litecoin Markets,121,xBTCe,ETH/LTC,169.58,122,Recently,71363,0.02
Litecoin Markets,122,Omicrex,ETH/LTC,169.58,123,Recently,71363,0.02
Litecoin Markets,123,Coinroom,BTC/LTC,138.15,124,Recently,69587,0.02
Litecoin Markets,124,CoinExchange,LTC/BTC,130.87,125,Recently,67807,0.02
Litecoin Markets,125,ChaoEX,LTC/BTC,129.47,126,Recently,66103,0.02
Litecoin Markets,126,CoinEx,LTC/BTC,130.55,127,Recently,65474,0.02
Litecoin Markets,127,CryptoBridge,LTC/BTC,128.87,128,Recently,62640,0.02
Litecoin Markets,128,Ovis,LTC/BTC,135.69,129,Recently,60498,0.02
Litecoin Markets,129,xBTCe,LTC/JPY,127.53,130,Recently,60166,0.02
Litecoin Markets,130,Omicrex,LTC/JPY,127.53,131,Recently,60166,0.02
Litecoin Markets,131,OKEx,LTC/BCH,116.42,132,425 hours ago,58465,0.0
Litecoin Markets,132,Exmo,LTC/EUR,132.32,133,Recently,55559,0.02
Litecoin Markets,133,Qryptos,LTC/BTC,129.43,134,Recently,54856,0.02
Litecoin Markets,134,BitMarket,LTC/PLN,129.07,135,Recently,51594,0.02
Litecoin Markets,135,Gate.io,LTC/BTC,130.87,136,Recently,47075,0.01
Litecoin Markets,136,DSX,LTC/USD,128.93,137,Recently,47047,0.01
Litecoin Markets,137,Kucoin,LTC/ETH,131.46,138,Recently,44662,0.01
Litecoin Markets,138,Tidex,LTC/BTC,130.28,139,Recently,43518,0.01
Litecoin Markets,139,BTC-Alpha,LTC/BTC,130.84,140,Recently,43241,0.01
Litecoin Markets,140,Kucoin,LTC/USDT,130.87,141,Recently,41196,0.01
Litecoin Markets,141,Tripe Dice Exchange,LTC/BTC,131.11,142,Recently,40038,0.01
Litecoin Markets,142,Bits Blockchain,LTC/BTC,131.11,143,Recently,39393,0.01
Litecoin Markets,143,Bitbank,LTC/BTC,131.4,144,Recently,38515,0.01
Litecoin Markets,144,Mercatox,ETH/LTC,126.38,145,Recently,37889,0.01
Litecoin Markets,145,Cryptopia,LTC/USDT,130.12,146,Recently,36864,0.01
Litecoin Markets,146,Bibox,LTC/BTC,130.2,147,Recently,35676,0.01
Litecoin Markets,147,Trade Satoshi,LTC/BTC,130.06,148,Recently,31778,0.01
Litecoin Markets,148,BL3P,LTC/EUR,127.92,149,Recently,31707,0.01
Litecoin Markets,149,LiteBit.eu,LTC/EUR,130.17,150,Recently,30895,0.01
Litecoin Markets,150,Cryptopia,XVG/LTC,130.05,151,Recently,29581,0.01
Litecoin Markets,151,Coinut,ETC/LTC,131.06,152,Recently,28636,0.01
Litecoin Markets,152,HitBTC,LTC/ETH,130.24,153,Recently,27681,0.01
Litecoin Markets,153,Coinut,LTC/USDT,132.18,154,Recently,27614,0.01
Litecoin Markets,154,Tidex,LTC/ETH,130.52,155,Recently,26770,0.01
Litecoin Markets,155,OkCoin Intl.,LTC/USD,133.91,156,Recently,26059,0.01
Litecoin Markets,156,Coinroom,LTC/GBP,118.41,157,Recently,25781,0.01
Litecoin Markets,157,C-CEX,CCRB/LTC,119.42,158,Recently,25716,0.01
Litecoin Markets,158,Bibox,LTC/ETH,130.31,159,Recently,25281,0.01
Litecoin Markets,159,Coinroom,LTC/USD,120.59,160,Recently,24427,0.01
Litecoin Markets,160,Coinroom,LTC/EUR,118.73,161,Recently,23951,0.01
Litecoin Markets,161,Tidex,LTC/WAVES,130.26,162,Recently,20664,0.01
Litecoin Markets,162,Nanex,LTC/NANO,146.16,163,Recently,20123,0.01
Litecoin Markets,163,Cryptopia,ETN/LTC,129.98,164,Recently,19343,0.01
Litecoin Markets,164,Stocks.Exchange,LTC/BTC,127.14,165,Recently,18047,0.01
Litecoin Markets,165,Bibox,LTC/USDT,130.53,166,Recently,18013,0.01
Litecoin Markets,166,Poloniex,LTC/XMR,131.19,167,Recently,16140,0.01
Litecoin Markets,167,Bitbns,LTC/INR,123.72,168,Recently,15989,0.01
Litecoin Markets,168,Negocie Coins,LTC/BRL,130.53,169,Recently,15402,0.0
Litecoin Markets,169,BuyUcoin,LTC/INR,129.82,170,Recently,15398,0.0
Litecoin Markets,170,Coinhub,LTC/USD,112.36,171,Recently,15356,0.0
Litecoin Markets,171,Trade Satoshi,BTCP/LTC,140.14,172,Recently,15309,0.0
Litecoin Markets,172,Tidex,LTC/USDT,130.78,173,Recently,14565,0.0
Litecoin Markets,173,DSX,LTC/EUR,107.72,174,Recently,14360,0.0
Litecoin Markets,174,Stellarport,LTC/XLM,135.93,175,98 hours ago,14185,0.0
Litecoin Markets,175,Coinroom,LTC/PLN,124.02,176,Recently,13895,0.0
Litecoin Markets,176,Cryptopia,HXX/LTC,131.31,177,Recently,13626,0.0
Litecoin Markets,177,BTC Trade UA,LTC/UAH,121.91,178,Recently,13457,0.0
Litecoin Markets,178,Braziliex,LTC/BRL,132.09,179,Recently,13225,0.0
Litecoin Markets,179,Altcoin Trader,LTC/ZAR,126.98,180,Recently,13136,0.0
Litecoin Markets,180,Bitso,LTC/BTC,131.03,181,Recently,11690,0.0
Litecoin Markets,181,Coinut,LTC/BTC,130.95,182,Recently,11437,0.0
Litecoin Markets,182,YoBit,LTC/ETH,130.81,183,Recently,11286,0.0
Litecoin Markets,183,C-CEX,LTC/BTC,129.27,184,Recently,10893,0.0
Litecoin Markets,184,DSX,LTC/GBP,114.08,185,Recently,10570,0.0
Litecoin Markets,185,BX Thailand,LTC/BTC,130.7,186,Recently,10261,0.0
Litecoin Markets,186,Kucoin,LTC/NEO,126.34,187,Recently,9579,0.0
Litecoin Markets,187,Cryptopia,ECA/LTC,129.95,188,Recently,9513,0.0
Litecoin Markets,188,DSX,LTC/BTC,130.71,189,Recently,8995,0.0
Litecoin Markets,189,Cryptopia,DOGE/LTC,129.07,190,Recently,8794,0.0
Litecoin Markets,190,BTC Markets,LTC/BTC,128.46,191,Recently,7775,0.0
Litecoin Markets,191,Cryptopia,ETH/LTC,130.71,192,Recently,7607,0.0
Litecoin Markets,192,Cryptopia,808/LTC,204.97,193,Recently,7318,0.0
Litecoin Markets,193,Coinut,ETH/LTC,131.25,194,Recently,7043,0.0
Litecoin Markets,194,Crex24,LTC/BTC,130.05,195,Recently,6912,0.0
Litecoin Markets,195,Bleutrade,LTC/BTC,130.03,196,Recently,6898,0.0
Litecoin Markets,196,Cryptopia,LINDA/LTC,124.48,197,Recently,6803,0.0
Litecoin Markets,197,Cryptopia,$PAC/LTC,129.59,198,Recently,6722,0.0
Litecoin Markets,198,Cryptopia,BTX/LTC,131.66,199,Recently,6693,0.0
Litecoin Markets,199,CoinExchange,DOGE/LTC,130.28,200,Recently,6692,0.0
Litecoin Markets,200,Cryptopia,DIME/LTC,151.26,201,Recently,6574,0.0
Litecoin Markets,201,Stellar Decentralized Exchange,LTC/XLM,128.79,202,Recently,6220,0.0
Litecoin Markets,202,OKCoin.cn,LTC/CNY,54.17,203,Recently,5989,0.0
Litecoin Markets,203,Cryptopia,COLX/LTC,132.62,204,Recently,5771,0.0
Litecoin Markets,204,The Rock Trading,LTC/EUR,130.22,205,Recently,5317,0.0
Litecoin Markets,205,CoinExchange,MOON/LTC,131.44,206,Recently,5296,0.0
Litecoin Markets,206,Coinnest,LTC/KRW,116.84,207,Recently,5183,0.0
Litecoin Markets,207,CoinExchange,LTC/DOGE,137.57,208,Recently,5020,0.0
Litecoin Markets,208,Cryptopia,NTRN/LTC,125.67,209,Recently,4664,0.0
Litecoin Markets,209,SouthXchange,LTC/BTC,129.83,210,Recently,4266,0.0
Litecoin Markets,210,Cryptopia,RDD/LTC,129.12,211,Recently,3955,0.0
Litecoin Markets,211,TradeOgre,LTC/BTC,131.68,212,Recently,3927,0.0
Litecoin Markets,212,Cryptopia,LDOGE/LTC,137.31,213,Recently,3491,0.0
Litecoin Markets,213,Waves Decentralized Exchange,LTC/WAVES,131.25,214,Recently,3338,0.0
Litecoin Markets,214,Cryptopia,XP/LTC,124.75,215,Recently,3222,0.0
Litecoin Markets,215,Mercatox,KIN/LTC,140.66,216,Recently,3065,0.0
Litecoin Markets,216,Cryptopia,LUX/LTC,136.14,217,Recently,2987,0.0
Litecoin Markets,217,BitKonan,LTC/USD,128.71,218,Recently,2963,0.0
Litecoin Markets,218,Cryptopia,DGB/LTC,130.73,219,Recently,2960,0.0
Litecoin Markets,219,Cryptomate,LTC/GBP,140.1,220,Recently,2947,0.0
Litecoin Markets,220,Iquant,LTC/BTC,127.39,221,Recently,2883,0.0
Litecoin Markets,221,Waves Decentralized Exchange,LTC/BTC,131.15,222,Recently,2751,0.0
Litecoin Markets,222,SouthXchange,LTC/USD,132.33,223,Recently,2644,0.0
Litecoin Markets,223,Bitsane,XRP/LTC,127.93,224,Recently,2165,0.0
Litecoin Markets,224,Bitsane,LTC/BTC,128.89,225,Recently,2119,0.0
Litecoin Markets,225,CoinFalcon,LTC/BTC,122.76,226,Recently,1860,0.0
Litecoin Markets,226,COSS,LTC/BTC,129.91,227,Recently,1801,0.0
Litecoin Markets,227,COSS,ETH/LTC,124.09,228,Recently,1740,0.0
Litecoin Markets,228,Cryptopia,TRX/LTC,130.29,229,Recently,1739,0.0
Litecoin Markets,229,Trade Satoshi,COLX/LTC,120.25,230,Recently,1697,0.0
Litecoin Markets,230,Cryptopia,PHO/LTC,146.05,231,Recently,1642,0.0
Litecoin Markets,231,Cryptopia,NEO/LTC,131.03,232,Recently,1599,0.0
Litecoin Markets,232,CryptoBridge,SMART/LTC,119.52,233,Recently,1546,0.0
Litecoin Markets,233,Cryptopia,GCN/LTC,271.2,234,Recently,1519,0.0
Litecoin Markets,234,Gatecoin,LTC/BTC,130.47,235,Recently,1400,0.0
Litecoin Markets,235,Trade Satoshi,DOGE/LTC,129.07,236,Recently,1250,0.0
Litecoin Markets,236,Cryptopia,OMG/LTC,126.25,237,Recently,1205,0.0
Litecoin Markets,237,Bittylicious,LTC/GBP,133.79,238,Recently,1191,0.0
Litecoin Markets,238,Independent Reserve,LTC/NZD,131.16,239,Recently,1018,0.0
Litecoin Markets,239,BitMarket,LTC/BTC,136.16,240,Recently,1010,0.0
Litecoin Markets,240,Cryptopia,EMB/LTC,115.97,241,Recently,998,0.0
Litecoin Markets,241,OpenLedger DEX,LTC/BTC,127.17,242,Recently,931,0.0
Litecoin Markets,242,CoinExchange,EOS/LTC,139.08,243,Recently,838,0.0
Litecoin Markets,243,LocalTrade,EDR/LTC,121.54,244,Recently,815,0.0
Litecoin Markets,244,Trade Satoshi,BTCZ/LTC,141.66,245,Recently,766,0.0
Litecoin Markets,245,CRXzone,LTC/USD,124.3,246,Recently,763,0.0
Litecoin Markets,246,Livecoin,XSN/LTC,135.18,247,Recently,714,0.0
Litecoin Markets,247,BitFlip,LTC/USD,133.0,248,Recently,704,0.0
Litecoin Markets,248,Stocks.Exchange,BTCZ/LTC,113.59,249,Recently,682,0.0
Litecoin Markets,249,Trade Satoshi,LCC/LTC,126.36,250,Recently,659,0.0
Litecoin Markets,250,Cryptopia,SKY/LTC,133.29,251,Recently,656,0.0
Litecoin Markets,251,Bit2C,LTC/ILS,127.2,252,Recently,626,0.0
Litecoin Markets,252,OpenLedger DEX,LTC/BITUSD,138.34,253,Recently,558,0.0
Litecoin Markets,253,CoinExchange,XVG/LTC,130.83,254,Recently,530,0.0
Litecoin Markets,254,Cryptopia,ZCL/LTC,127.65,255,Recently,523,0.0
Litecoin Markets,255,OpenLedger DEX,LTC/BTS,132.25,256,Recently,521,0.0
Litecoin Markets,256,Cryptopia,ZEN/LTC,131.08,257,Recently,463,0.0
Litecoin Markets,257,Cryptopia,NKA/LTC,181.4,258,Recently,461,0.0
Litecoin Markets,258,Cryptohub,LTC/BTC,126.86,259,Recently,454,0.0
Litecoin Markets,259,Bitlish,LTC/USD,124.17,260,Recently,386,0.0
Litecoin Markets,260,Abucoins,LTC/BTC,129.27,261,Recently,374,0.0
Litecoin Markets,261,CoinsBank,LTC/BTC,138.1,262,Recently,373,0.0
Litecoin Markets,262,BigONE,LTC/BTC,130.29,263,Recently,360,0.0
Litecoin Markets,263,CryptoBridge,BCO/LTC,111.36,264,Recently,347,0.0
Litecoin Markets,264,Trade Satoshi,FLAP/LTC,748.25,265,Recently,344,0.0
Litecoin Markets,265,Cryptopia,SLOTH/LTC,580.44,266,Recently,333,0.0
Litecoin Markets,266,Cryptopia,XRY/LTC,94.69,267,Recently,324,0.0
Litecoin Markets,267,Mr. Exchange,LTC/BTC,133.1,268,51 hours ago,321,0.0
Litecoin Markets,268,Trade Satoshi,XP/LTC,91.71,269,Recently,302,0.0
Litecoin Markets,269,Cryptopia,FUNK/LTC,168.22,270,Recently,299,0.0
Litecoin Markets,270,Cryptopia,CMPCO/LTC,131.1,271,Recently,298,0.0
Litecoin Markets,271,BTC Trade UA,LTC/BTC,136.79,272,90 hours ago,297,0.0
Litecoin Markets,272,CoinExchange,PAC/LTC,144.6,273,Recently,296,0.0
Litecoin Markets,273,Cryptopia,PND/LTC,130.08,274,Recently,294,0.0
Litecoin Markets,274,Cryptopia,BUN/LTC,556.25,275,Recently,292,0.0
Litecoin Markets,275,Trade Satoshi,808/LTC,232.92,276,Recently,288,0.0
Litecoin Markets,276,Trade Satoshi,LTC/DOGE,128.4,277,Recently,264,0.0
Litecoin Markets,277,Trade Satoshi,XSH/LTC,51.48,278,Recently,259,0.0
Litecoin Markets,278,Cryptopia,ZEIT/LTC,136.43,279,Recently,259,0.0
Litecoin Markets,279,Cryptopia,ZEC/LTC,131.06,280,Recently,256,0.0
Litecoin Markets,280,The Rock Trading,LTC/BTC,130.79,281,Recently,242,0.0
Litecoin Markets,281,C-CEX,LTC/USD,134.0,282,Recently,232,0.0
Litecoin Markets,282,Cryptopia,VIT/LTC,189.1,283,Recently,222,0.0
Litecoin Markets,283,Trade Satoshi,LTC/USDT,132.06,284,Recently,220,0.0
Litecoin Markets,284,Trade Satoshi,$PAC/LTC,123.55,285,Recently,203,0.0
Litecoin Markets,285,Trade Satoshi,RDD/LTC,120.95,286,Recently,196,0.0
Litecoin Markets,286,Trade Satoshi,NYC/LTC,120.7,287,Recently,195,0.0
Litecoin Markets,287,Gatecoin,LTC/EUR,126.29,288,Recently,177,0.0
Litecoin Markets,288,CryptoBridge,ECA/LTC,123.86,289,Recently,174,0.0
Litecoin Markets,289,Cryptox,LTC/BTC,130.4,290,Recently,160,0.0
Litecoin Markets,290,Trade Satoshi,LTC/BCH,128.27,291,Recently,156,0.0
Litecoin Markets,291,Gatecoin,LTC/USD,126.2,292,Recently,156,0.0
Litecoin Markets,292,Bitsane,LTC/ETH,127.36,293,Recently,156,0.0
Litecoin Markets,293,SouthXchange,GCN/LTC,271.2,294,Recently,150,0.0
Litecoin Markets,294,CoinExchange,TRX/LTC,132.02,295,Recently,126,0.0
Litecoin Markets,295,Stocks.Exchange,LTC/USDT,115.06,296,Recently,113,0.0
Litecoin Markets,296,Lykke Exchange,LTC/USD,132.0,297,Recently,107,0.0
Litecoin Markets,297,Trade Satoshi,XVG/LTC,125.28,298,Recently,98,0.0
Litecoin Markets,298,C-CEX,DOGE/LTC,129.21,299,Recently,90,0.0
Litecoin Markets,299,Coingi,LTC/EUR,130.43,300,Recently,85,0.0
Litecoin Markets,300,CoinExchange,ETHD/LTC,164.98,301,114 hours ago,84,0.0
Litecoin Markets,301,C-CEX,SMLY/LTC,224.26,302,Recently,72,0.0
Litecoin Markets,302,C-Patex,BLC/LTC,154.06,303,Recently,71,0.0
Litecoin Markets,303,Trade Satoshi,8BIT/LTC,40.47,304,Recently,60,0.0
Litecoin Markets,304,Trade Satoshi,VTA/LTC,130.49,305,Recently,48,0.0
Litecoin Markets,305,cfinex,LTC/BTC,150.54,306,Recently,45,0.0
Litecoin Markets,306,BTC-Alpha,KZC/LTC,158.22,307,Recently,43,0.0
Litecoin Markets,307,Coinhouse,LTC/BTC,128.48,308,Recently,38,0.0
Litecoin Markets,308,OpenLedger DEX,LTC/BITCNY,135.92,309,Recently,34,0.0
Litecoin Markets,309,Novaexchange,LTC/BTC,131.27,310,Recently,32,0.0
Litecoin Markets,310,SouthXchange,MLM/LTC,170.4,311,Recently,32,0.0
Litecoin Markets,311,Cryptopia,GBX/LTC,126.61,312,Recently,31,0.0
Litecoin Markets,312,BitFlip,LTC/RUB,122.47,313,Recently,30,0.0
Litecoin Markets,313,Trade Satoshi,GRLC/LTC,139.59,314,Recently,30,0.0
Litecoin Markets,314,Trade Satoshi,SLOTH/LTC,870.65,315,Recently,27,0.0
Litecoin Markets,315,Bitsane,LTC/EUR,128.66,316,Recently,26,0.0
Litecoin Markets,316,Braziliex,LTC/BTC,134.0,317,Recently,24,0.0
Litecoin Markets,317,Coingi,LTC/USD,124.5,318,66 hours ago,24,0.0
Litecoin Markets,318,CryptoBridge,HTML/LTC,144.41,319,Recently,23,0.0
Litecoin Markets,319,BitFlip,LTC/BTC,143.64,320,Recently,23,0.0
Litecoin Markets,320,Trade Satoshi,BUN/LTC,556.25,321,Recently,22,0.0
Litecoin Markets,321,SouthXchange,ZEIT/LTC,120.38,322,Recently,22,0.0
Litecoin Markets,322,Bitsane,LTC/USD,131.34,323,8 hours ago,21,0.0
Litecoin Markets,323,Stocks.Exchange,SHND/LTC,27.72,324,Recently,20,0.0
Litecoin Markets,324,Trade Satoshi,BCH/LTC,118.72,325,Recently,20,0.0
Litecoin Markets,325,Independent Reserve,LTC/USD,130.54,326,Recently,19,0.0
Litecoin Markets,326,BarterDEX,LTC/KMD,122.9,327,Recently,18,0.0
Litecoin Markets,327,Trade Satoshi,ZEC/LTC,111.78,328,Recently,18,0.0
Litecoin Markets,328,Trade Satoshi,BCC/LTC,137.16,329,Recently,18,0.0
Litecoin Markets,329,Bitlish,LTC/BTC,128.62,330,Recently,17,0.0
Litecoin Markets,330,Trade Satoshi,1337/LTC,131.57,331,Recently,16,0.0
Litecoin Markets,331,Trade Satoshi,HTML/LTC,107.35,332,Recently,16,0.0
Litecoin Markets,332,Lykke Exchange,LTC/BTC,127.66,333,Recently,16,0.0
Litecoin Markets,333,Coingi,LTC/BTC,125.73,334,Recently,15,0.0
Litecoin Markets,334,C-CEX,ETH/LTC,127.18,335,Recently,13,0.0
Litecoin Markets,335,Stocks.Exchange,XSH/LTC,125.73,336,Recently,12,0.0
Litecoin Markets,336,Bitmaszyna,LTC/PLN,167.5,337,14 hours ago,12,0.0
Litecoin Markets,337,Trade Satoshi,LDOGE/LTC,125.68,338,Recently,12,0.0
Litecoin Markets,338,Trade Satoshi,ZEIT/LTC,124.03,339,Recently,11,0.0
Litecoin Markets,339,Trade Satoshi,BOLI/LTC,145.67,340,Recently,10,0.0
Litecoin Markets,340,Allcoin,LTC/BTC,121.03,341,Recently,10,0.0
Litecoin Markets,341,Trade Satoshi,SAFEX/LTC,109.92,342,Recently,9,0.0
Litecoin Markets,342,Bitsane,ICN/LTC,125.93,343,Recently,6,0.0
Litecoin Markets,343,Cryptopia,NEBL/LTC,125.52,344,Recently,5,0.0
Litecoin Markets,344,Cryptopia,DUO/LTC,131.82,345,Recently,5,0.0
Litecoin Markets,345,FreiExchange,LTC/BTC,121.24,346,Recently,5,0.0
Litecoin Markets,346,Mr. Exchange,LTC/JPY,124.15,347,Recently,4,0.0
Litecoin Markets,347,Tux Exchange,LTC/BTC,128.46,348,Recently,4,0.0
Litecoin Markets,348,Bits Blockchain,ATMC/LTC,2571.43,349,2 hours ago,3,0.0
Litecoin Markets,349,Trade Satoshi,DASH/LTC,164.77,350,Recently,3,0.0
Litecoin Markets,350,C-Patex,LTC/BTC,130.07,351,Recently,3,0.0
Litecoin Markets,351,Stocks.Exchange,YOC/LTC,175.27,352,Recently,2,0.0
Litecoin Markets,352,CoinExchange,VOX/LTC,143.38,353,Recently,2,0.0
Litecoin Markets,353,Coinut,LTC/USD,126.44,354,Recently,1,0.0
Litecoin Markets,354,Mr. Exchange,XRP/LTC,123.01,355,2 hours ago,1,0.0
Litecoin Markets,355,SouthXchange,LTC/BCH,128.88,356,Recently,1,0.0
Litecoin Markets,356,GOPAX,LTC/BTC,125.26,357,Recently,1,0.0
Litecoin Markets,357,Coinut,XMR/LTC,12.68,358,Recently,0,0.0
Litecoin Markets,358,Trade Satoshi,NKA/LTC,112.64,359,Recently,0,0.0
Litecoin Markets,359,CoinExchange,PUT/LTC,5214.73,360,Recently,0,0.0
Litecoin Markets,360,NIX-E,LTC/USD,150.0,361,Recently,0,0.0
Litecoin Markets,361,Novaexchange,DOGE/LTC,158.13,362,Recently,0,0.0
Litecoin Markets,362,Bittylicious,LTC/EUR,127.06,363,Recently,0,0.0
Litecoin Markets,363,Bittylicious,LTC/USD,162.48,364,Recently,0,0.0
Litecoin Markets,364,LakeBTC,LTC/BTC,117.22,365,Recently,0,0.0
Litecoin Markets,365,Gatecoin,LTC/ETH,130.01,366,Recently,0,0.0
Litecoin Markets,366,Gatecoin,LTC/HKD,133.76,367,Recently,0,0.0
Litecoin Markets,367,Ore.Bz,LTC/BTC,130.07,368,Recently,0,0.0
Litecoin Markets,368,Ore.Bz,LTC/USD,212.34,369,Recently,0,0.0
Litecoin Markets,369,Bitlish,LTC/EUR,118.27,370,Recently,0,0.0
Litecoin Markets,370,Bitlish,LTC/RUB,115.97,371,Recently,0,0.0
Litecoin Markets,371,Bisq,LTC/BTC,143.45,372,Recently,0,0.0
Litecoin Markets,372,Waves Decentralized Exchange,LTC/ETH,113.05,373,Recently,0,0.0
Litecoin Markets,373,Waves Decentralized Exchange,LTC/EUR,184.49,374,Recently,0,0.0
Litecoin Markets,374,Dgtmarket,LTC/BTC,160.58,375,Recently,0,0.0
Litecoin Markets,375,Dgtmarket,LTC/PLN,208.65,376,Recently,0,0.0
Litecoin Markets,376,CryptoBridge,LTC/MONA,117.86,377,Recently,0,0.0
Litecoin Markets,377,BitFlip,LTC/EUR,123.83,378,Recently,0,0.0
Litecoin Markets,378,BitFlip,LTC/UAH,230.29,379,Recently,0,0.0
Litecoin Markets,379,TDAX,LTC/BTC,144.52,380,Recently,0,0.0
Litecoin Markets,380,TDAX,LTC/ETH,14.8,381,Recently,0,0.0
Litecoin Markets,381,TDAX,LTC/THB,205.01,382,Recently,0,0.0
Litecoin Markets,382,Coinrail,LTC/KRW,168.26,383,Recently,0,0.0
Litecoin Markets,383,Coinbe,LTC/BTC,128.46,384,Recently,0,0.0
Litecoin Markets,384,C-CEX,TRC/LTC,108.82,385,Recently,0,0.0
Litecoin Markets,385,Trade Satoshi,TRC/LTC,132.54,386,Recently,0,0.0
Litecoin Markets,386,Trade Satoshi,MNC/LTC,107.61,387,Recently,0,0.0
Litecoin Markets,387,C-Patex,DOGE/LTC,123.94,388,Recently,0,0.0
Litecoin Markets,388,Trade Satoshi,DGB/LTC,128.97,389,Recently,0,0.0
Litecoin Markets,389,C-CEX,DASH/LTC,100.4,390,Recently,0,0.0
Litecoin Markets,390,C-Patex,PHO/LTC,146.05,391,Recently,0,0.0
Litecoin Markets,391,Cryptopia,GRS/LTC,179.49,392,Recently,0,0.0
Litecoin Markets,392,Trade Satoshi,GRS/LTC,122.89,393,Recently,0,0.0
Litecoin Markets,393,Trade Satoshi,POP/LTC,96.44,394,Recently,0,0.0
Litecoin Markets,394,Trade Satoshi,XBC/LTC,39.14,395,Recently,0,0.0
Litecoin Markets,395,Trade Satoshi,PIGGY/LTC,176.39,396,Recently,0,0.0
Litecoin Markets,396,Cryptopia,BLOCK/LTC,47.45,397,Recently,0,0.0
Litecoin Markets,397,Trade Satoshi,DOT/LTC,660.48,398,Recently,0,0.0
Litecoin Markets,398,Cobinhood,LTC/BTC,130.87,399,Recently,11889,0.0
Litecoin Markets,399,Cobinhood,LTC/USDT,132.06,400,Recently,147,0.0